<?xml version="1.0" encoding="UTF-8"?>
<spriteSheetImage>
    <subimage name="pendulumA" x="1" y="1" width="80" height="275"/>
    <subimage name="torch_lighting" x="83" y="1" width="256" height="256"/>
    <subimage name="ramA" x="341" y="1" width="92" height="235"/>
    <subimage name="rotatatorA_disabled" x="1" y="278" width="150" height="150"/>
    <subimage name="rotatatorA_shadow" x="153" y="278" width="150" height="150"/>
    <subimage name="spiderA-fr1" x="435" y="1" width="130" height="41"/>
    <subimage name="spiderA-fr2" x="435" y="44" width="130" height="41"/>
    <subimage name="spiderA-fr3" x="435" y="87" width="130" height="41"/>
    <subimage name="gargoyleA" x="305" y="278" width="84" height="126"/>
    <subimage name="rotatatorA_disc" x="435" y="130" width="110" height="110"/>
    <subimage name="rotatatorA_blade" x="435" y="242" width="105" height="25"/>
    <subimage name="flying_platformA" x="435" y="269" width="98" height="46"/>
    <subimage name="batA_fr7" x="435" y="317" width="96" height="87"/>
    <subimage name="batA_fr1" x="1" y="430" width="96" height="85"/>
    <subimage name="batA_fr6" x="99" y="430" width="96" height="69"/>
    <subimage name="batA_fr2" x="197" y="430" width="96" height="65"/>
    <subimage name="batA_fr5" x="295" y="430" width="96" height="53"/>
    <subimage name="batA_fr3" x="393" y="430" width="96" height="52"/>
    <subimage name="batA_fr4" x="1" y="517" width="96" height="36"/>
    <subimage name="ramA_top" x="99" y="517" width="94" height="27"/>
    <subimage name="rotatatorA_faceA" x="567" y="1" width="79" height="79"/>
    <subimage name="rotatatorA_faceB" x="567" y="82" width="79" height="79"/>
    <subimage name="torchA_fr1" x="391" y="278" width="32" height="64"/>
    <subimage name="torchA_fr2" x="533" y="317" width="32" height="64"/>
    <subimage name="torchA_fr3" x="567" y="163" width="32" height="64"/>
    <subimage name="torchA_fr4" x="567" y="229" width="32" height="64"/>
    <subimage name="symbolA" x="491" y="430" width="62" height="34"/>
    <subimage name="rotatatorA_eyes" x="195" y="517" width="60" height="20"/>
    <subimage name="spriteA_fr1" x="257" y="517" width="30" height="20"/>
    <subimage name="spriteA_fr2" x="289" y="517" width="30" height="20"/>
    <subimage name="spriteA_fr3" x="321" y="517" width="30" height="20"/>
    <subimage name="missileA" x="391" y="344" width="29" height="25"/>
</spriteSheetImage>
