<?xml version="1.0" encoding="UTF-8"?>
<imageExtraData>
    <subimage name="pendulumA" handlePoint="38,0">
        <ellipse points="(37,229);(37,202);(64,229);(37,256);(10,229)"/>
    </subimage>
    <subimage name="ramA" handlePoint="46,6">
        <rectangle points="(16,6);(76,6);(76,231);(16,231)"/>
    </subimage>
    <subimage name="rotatatorA_disabled" handlePoint="75,58"/>
    <subimage name="spiderA-fr1" handlePoint="65,41">
        <rectangle points="(32,5);(104,5);(104,41);(32,41)"/>
    </subimage>
    <subimage name="spiderA-fr2" handlePoint="65,41">
        <rectangle points="(32,5);(104,5);(104,41);(32,41)"/>
    </subimage>
    <subimage name="spiderA-fr3" handlePoint="65,41">
        <rectangle points="(32,5);(104,5);(104,41);(32,41)"/>
    </subimage>
    <subimage name="gargoyleA" handlePoint="0,0">
        <rectangle points="(0,7);(76,7);(76,103);(0,103)"/>
    </subimage>
    <subimage name="rotatatorA_disc">
        <ellipse points="(55,55);(55,4);(106,55);(55,106);(4,55)"/>
    </subimage>
    <subimage name="rotatatorA_blade" handlePoint="3,12">
        <polyline points="(3,1);(99,12);(3,24)" closed="true"/>
    </subimage>
    <subimage name="flying_platformA">
        <rectangle points="(8,1);(90,1);(90,27);(8,27)"/>
    </subimage>
    <subimage name="batA_fr7" handlePoint="48,16">
        <rectangle points="(13,2);(88,2);(88,85);(13,85)"/>
    </subimage>
    <subimage name="batA_fr1" handlePoint="48,65">
        <rectangle points="(10,5);(89,5);(89,80);(10,80)"/>
    </subimage>
    <subimage name="batA_fr6" handlePoint="48,16">
        <rectangle points="(8,3);(89,3);(89,64);(8,64)"/>
    </subimage>
    <subimage name="batA_fr2" handlePoint="48,45">
        <rectangle points="(10,4);(90,4);(90,60);(10,60)"/>
    </subimage>
    <subimage name="batA_fr5" handlePoint="48,17">
        <rectangle points="(10,4);(89,4);(89,46);(10,46)"/>
    </subimage>
    <subimage name="batA_fr3" handlePoint="48,30">
        <rectangle points="(9,5);(91,5);(91,48);(9,48)"/>
    </subimage>
    <subimage name="batA_fr4" handlePoint="48,15">
        <rectangle points="(7,3);(90,3);(90,33);(7,33)"/>
    </subimage>
    <subimage name="ramA_top" handlePoint="47,0"/>
    <subimage name="spriteA_fr1">
        <rectangle points="(0,0);(30,0);(30,20);(0,20)"/>
    </subimage>
    <subimage name="spriteA_fr2">
        <rectangle points="(0,0);(30,0);(30,20);(0,20)"/>
    </subimage>
    <subimage name="spriteA_fr3">
        <rectangle points="(0,0);(30,0);(30,20);(0,20)"/>
    </subimage>
    <subimage name="missileA">
        <rectangle points="(7,7);(21,7);(21,17);(7,17)"/>
    </subimage>
</imageExtraData>
