<?xml version="1.0" encoding="UTF-8"?>
<imageExtraData>
    <subimage name="0">
        <rectangle points="(0,0);(50,0);(50,50);(0,50)"/>
    </subimage>
    <subimage name="1">
        <rectangle points="(0,0);(50,0);(50,50);(0,50)"/>
    </subimage>
    <subimage name="2">
        <rectangle points="(0,0);(50,0);(50,50);(0,50)"/>
    </subimage>
    <subimage name="4">
        <rectangle points="(0,0);(50,0);(50,50);(0,50)"/>
    </subimage>
    <subimage name="5">
        <rectangle points="(0,0);(50,0);(50,50);(0,50)"/>
    </subimage>
    <subimage name="10">
        <rectangle points="(0,0);(50,0);(50,50);(0,50)"/>
    </subimage>
    <subimage name="11">
        <rectangle points="(0,0);(50,0);(50,50);(0,50)"/>
    </subimage>
    <subimage name="12">
        <rectangle points="(0,0);(50,0);(50,50);(0,50)"/>
    </subimage>
    <subimage name="13">
        <rectangle points="(0,0);(50,0);(50,50);(0,50)"/>
    </subimage>
    <subimage name="14">
        <rectangle points="(0,0);(50,0);(50,50);(0,50)"/>
    </subimage>
    <subimage name="15">
        <rectangle points="(0,0);(50,0);(50,50);(0,50)"/>
    </subimage>
    <subimage name="20">
        <rectangle points="(0,0);(50,0);(50,50);(0,50)"/>
    </subimage>
    <subimage name="21">
        <rectangle points="(0,0);(50,0);(50,50);(0,50)"/>
    </subimage>
    <subimage name="22">
        <rectangle points="(0,0);(50,0);(50,50);(0,50)"/>
    </subimage>
    <subimage name="23">
        <rectangle points="(0,0);(50,0);(50,50);(0,50)"/>
    </subimage>
    <subimage name="24">
        <rectangle points="(0,0);(50,0);(50,50);(0,50)"/>
    </subimage>
    <subimage name="25">
        <rectangle points="(0,0);(50,0);(50,50);(0,50)"/>
    </subimage>
</imageExtraData>
