<?xml version="1.0" encoding="UTF-8"?>
<composedSprite name="csGargoyleA" set="world_spritesA" xHandle="0" yHandle="63">
    <layer name="missile">
        <sprite name="missileA" nameID="missile" x="25" y="68"/>
    </layer>
    <layer name="gargolye">
        <sprite name="gargoyleA" x="0" y="0"/>
    </layer>
    <parameter name="animation" value="" type="string"/>
    <parameter name="animDelay" value="0.0" type="float"/>
    <timelineAnimation name="aniGargoyleA" loopCount="forever" scaleDuration="0.2">
        <animationMember/>
        <animationMember childNameID="missile">
            <animationTrack kind="Translation">
                <key time="0" easing="Ease end" dx="0" dy="0"/>
                <key time="800" easing="Constant" dx="600" dy="0"/>
                <key time="3000" easing="Linear" dx="0" dy="0"/>
            </animationTrack>
            <animationTrack kind="Scaling">
                <key time="0" easing="Linear" scale="1"/>
                <key time="32" easing="Ease end" scale="1.5"/>
                <key time="800" easing="Constant" scale="1"/>
                <key time="3000" easing="Linear" scale="1"/>
            </animationTrack>
            <animationTrack kind="Alpha">
                <key time="0" easing="Linear" alpha="1"/>
                <key time="0" easing="Linear" alpha="1"/>
                <key time="440" easing="Linear" alpha="1"/>
                <key time="800" easing="Constant" alpha="0"/>
                <key time="3000" easing="Linear" alpha="0"/>
            </animationTrack>
        </animationMember>
    </timelineAnimation>
</composedSprite>
