<?xml version="1.0" encoding="UTF-8"?>
<composedSprite name="csTorchA" set="world_spritesA" xHandle="0" yHandle="43">
    <layer name="glow">
        <parameter name="blending" value="LINEAR DODGE" type="values set" valuesSet="ALPHA,MULTIPLY,LINEAR DODGE,SOLID COVER"/>
        <sprite name="torch_lighting" nameID="glow" x="0" y="39"/>
    </layer>
    <layer name="torch">
        <sprite name="torchA" nameID="torch" x="0" y="50"/>
    </layer>
    <parameter name="animation" value="" type="string"/>
    <timelineAnimation name="aniTorch" loopCount="forever">
        <animationMember/>
        <animationMember childNameID="glow">
            <animationTrack kind="Alpha">
                <key time="0" easing="Linear" alpha="0.93"/>
                <key time="120" easing="Linear" alpha="1"/>
                <key time="250" easing="Linear" alpha="0.96"/>
                <key time="350" easing="Linear" alpha="1"/>
                <key time="500" easing="Linear" alpha="0.95"/>
            </animationTrack>
        </animationMember>
        <animationMember childNameID="torch">
            <animationTrack kind="Frame animation">
                <key time="0" frameAnimationName="burning"/>
                <key time="500" frameAnimationName="burning"/>
            </animationTrack>
        </animationMember>
    </timelineAnimation>
</composedSprite>
