<?xml version="1.0" encoding="UTF-8"?>
<composedSprite name="rotatorAtmp" set="world_spritesA" xHandle="0" yHandle="50">
    <layer name="shadow">
        <sprite name="rotatatorA_shadow" x="100" y="100"/>
    </layer>
    <layer name="blades disc">
        <sprite name="rotatorA_bladesDisc" nameID="bladesDisc" x="100" y="100"/>
    </layer>
    <layer name="face">
        <sprite name="rotatatorA_faceA" x="100" y="100"/>
    </layer>
    <layer name="eyes">
        <sprite name="spiderA" nameID="spider" x="9" y="15">
            <parameter name="animation" value="" type="string"/>
        </sprite>
        <sprite name="rotatatorA_eyes" nameID="eyes" x="100" y="92"/>
        <sprite name="spiderA" nameID="spider" x="10" y="232">
            <parameter name="animation" value="" type="string"/>
        </sprite>
    </layer>
    <layer name="spider in holders">
        <sprite name="spiderHolder" x="150" y="0" rotation="45"/>
        <sprite name="spiderHolder" x="137" y="240" rotation="-60"/>
    </layer>
    <timelineAnimation name="aniRotatorA1" loopCount="forever">
        <animationMember>
            <animationTrack kind="Translation">
                <key time="0" easing="Ease start and end" dx="0" dy="0"/>
                <key time="1500" easing="Ease start and end" dx="0" dy="250"/>
                <key time="3000" easing="Ease start and end" dx="0" dy="0"/>
                <key time="4500" easing="Ease start and end" dx="0" dy="250"/>
                <key time="6000" easing="Linear" dx="0" dy="0"/>
            </animationTrack>
        </animationMember>
        <animationMember childNameID="blade">
            <animationTrack kind="Translation">
                <key time="0" easing="Linear" dx="0" dy="0"/>
                <key time="3000" easing="Linear" dx="0" dy="0"/>
                <key time="3750" easing="Linear" dx="75" dy="0"/>
                <key time="4500" easing="Linear" dx="75" dy="0"/>
                <key time="5200" easing="Linear" dx="75" dy="0"/>
                <key time="6000" easing="Linear" dx="0" dy="0"/>
            </animationTrack>
        </animationMember>
        <animationMember childNameID="bladesDisc">
            <animationTrack kind="Rotation">
                <key time="0" easing="Linear" rotation="0"/>
                <key time="3000" easing="Ease start and end" rotation="0"/>
                <key time="5990" easing="Linear" rotation="720"/>
            </animationTrack>
        </animationMember>
        <animationMember childNameID="eyes">
            <animationTrack kind="Alpha">
                <key time="0" easing="Linear" alpha="0"/>
                <key time="3000" easing="Linear" alpha="0"/>
                <key time="3750" easing="Linear" alpha="1"/>
                <key time="5200" easing="Linear" alpha="1"/>
                <key time="6000" easing="Linear" alpha="0"/>
            </animationTrack>
        </animationMember>
        <animationMember childNameID="spider">
            <animationTrack kind="Translation">
                <key time="0" easing="Linear" dx="0" dy="0"/>
                <key time="6000" easing="Linear" dx="100" dy="0"/>
            </animationTrack>
            <animationTrack kind="Frame animation">
                <key time="0" frameAnimationName="moveRight"/>
                <key time="6000" frameAnimationName=""/>
            </animationTrack>
            <animationTrack kind="Timeline animation">
                <key time="0" timelineAnimationName="blink"/>
                <key time="6000" timelineAnimationName=""/>
            </animationTrack>
        </animationMember>
        <animationMember childNameID="spiderInHolder">
            <animationTrack kind="Translation">
                <key time="0" easing="Linear" dx="0" dy="0"/>
                <key time="2960" easing="Linear" dx="200" dy="0"/>
                <key time="6000" easing="Linear" dx="0" dy="0"/>
            </animationTrack>
        </animationMember>
        <metaAnimationTrack kind="Meta">
            <key time="0"/>
            <key time="3000" label="blades start"/>
            <key time="3750"/>
            <key time="4500" label="blades end"/>
            <key time="5200"/>
            <key time="6000"/>
        </metaAnimationTrack>
    </timelineAnimation>
</composedSprite>
