<?xml version="1.0" encoding="UTF-8"?>
<composedSprite name="rotatorA_bladesDisc" set="world_spritesA" xHandle="50" yHandle="50">
    <layer name="blades">
        <sprite name="rotatorA_blade" x="50" y="2" rotation="-90"/>
        <sprite name="rotatorA_blade" x="84" y="17" rotation="-135"/>
        <sprite name="rotatorA_blade" x="16" y="16" rotation="-45"/>
        <sprite name="rotatorA_blade" x="2" y="50"/>
    </layer>
    <layer name="blades copy">
        <sprite name="rotatorA_blade" x="97" y="51" rotation="180"/>
        <sprite name="rotatorA_blade" x="15" y="84" rotation="45"/>
        <sprite name="rotatorA_blade" x="84" y="85" rotation="135"/>
        <sprite name="rotatorA_blade" x="49" y="98" rotation="90"/>
    </layer>
    <layer name="disk">
        <sprite name="rotatatorA_disc" x="50" y="50"/>
    </layer>
    <timelineAnimation name="aniA_LoopPhase" loopCount="forever">
        <animationMember>
            <animationTrack kind="Rotation">
                <key time="0" easing="Linear" rotation="0"/>
                <key time="1500" easing="Linear" rotation="360"/>
            </animationTrack>
        </animationMember>
        <animationMember childNameID="blade">
            <animationTrack kind="Translation">
                <key time="0" easing="Linear" dx="80" dy="0"/>
                <key time="1500" easing="Linear" dx="80" dy="0"/>
            </animationTrack>
        </animationMember>
    </timelineAnimation>
    <timelineAnimation name="aniA_StartPhase" loopCount="0">
        <animationMember>
            <animationTrack kind="Rotation">
                <key time="0" easing="Linear" rotation="0"/>
                <key time="1500" easing="Linear" rotation="360"/>
            </animationTrack>
        </animationMember>
        <animationMember childNameID="blade">
            <animationTrack kind="Translation">
                <key time="0" easing="Linear" dx="0" dy="0"/>
                <key time="1500" easing="Linear" dx="80" dy="0"/>
            </animationTrack>
        </animationMember>
    </timelineAnimation>
    <timelineAnimation name="aniA_EndPhase" loopCount="0">
        <animationMember>
            <animationTrack kind="Rotation">
                <key time="0" easing="Linear" rotation="0"/>
                <key time="1500" easing="Linear" rotation="360"/>
            </animationTrack>
        </animationMember>
        <animationMember childNameID="blade">
            <animationTrack kind="Translation">
                <key time="0" easing="Linear" dx="80" dy="0"/>
                <key time="1500" easing="Linear" dx="0" dy="0"/>
            </animationTrack>
        </animationMember>
    </timelineAnimation>
</composedSprite>
