<?xml version="1.0" encoding="UTF-8"?>
<composedSprite name="ram" set="world_spritesA" xHandle="0" yHandle="200">
    <layer name="ram">
        <sprite name="ramA" nameID="ram" x="0" y="10"/>
    </layer>
    <layer name="top part">
        <sprite name="ramA_top" x="0" y="200"/>
    </layer>
    <parameter name="animation" value="" type="string"/>
    <parameter name="animDelay" value="0.0" type="float"/>
    <timelineAnimation name="aniRamA" loopCount="forever">
        <animationMember/>
        <animationMember childNameID="ram">
            <animationTrack kind="Translation">
                <key time="0" easing="Linear" dx="0" dy="0"/>
                <key time="250" easing="Linear" dx="0" dy="213"/>
                <key time="500" easing="Linear" dx="0" dy="213"/>
                <key time="2000" easing="Linear" dx="0" dy="0"/>
                <key time="2500" easing="Linear" dx="0" dy="0"/>
                <key time="3500" easing="Linear" dx="0" dy="0"/>
            </animationTrack>
        </animationMember>
        <metaAnimationTrack kind="Meta">
            <key time="0"/>
            <key time="250" label="ram bottom"/>
        </metaAnimationTrack>
    </timelineAnimation>
</composedSprite>
