<?xml version="1.0" encoding="UTF-8"?>
<composedSprite name="rotatorA" set="world_spritesA" xHandle="0" yHandle="50">
    <layer name="shadow">
        <sprite name="rotatatorA_shadow" x="0" y="50"/>
    </layer>
    <layer name="blades disc">
        <sprite name="rotatorA_bladesDisc" nameID="bladesDisc" x="0" y="50"/>
    </layer>
    <layer name="face">
        <sprite name="rotatatorA_faceA" x="0" y="50"/>
    </layer>
    <layer name="eyes">
        <sprite name="rotatatorA_eyes" nameID="eyes" x="0" y="42"/>
    </layer>
    <parameter name="animation" value="" type="string"/>
    <timelineAnimation name="rotateA idle" loopCount="forever">
        <animationMember/>
        <animationMember childNameID="bladesDisc">
            <animationTrack kind="Rotation">
                <key time="0" easing="Linear" rotation="0"/>
                <key time="500" easing="Linear" rotation="0"/>
                <key time="1500" easing="Linear" rotation="360"/>
                <key time="2500" easing="Linear" rotation="720"/>
                <key time="3000" easing="Linear" rotation="720"/>
            </animationTrack>
        </animationMember>
        <animationMember childNameID="blade">
            <animationTrack kind="Translation">
                <key time="0" easing="Linear" dx="0" dy="0"/>
                <key time="500" easing="Linear" dx="0" dy="0"/>
                <key time="1500" easing="Linear" dx="60" dy="0"/>
                <key time="2500" easing="Linear" dx="0" dy="0"/>
                <key time="3000" easing="Linear" dx="0" dy="0"/>
            </animationTrack>
        </animationMember>
        <animationMember childNameID="eyes">
            <animationTrack kind="Alpha">
                <key time="0" easing="Linear" alpha="1"/>
                <key time="500" easing="Linear" alpha="0"/>
                <key time="1010" easing="Linear" alpha="1"/>
                <key time="1500" easing="Linear" alpha="0"/>
                <key time="1999" easing="Linear" alpha="1"/>
                <key time="2500" easing="Linear" alpha="0"/>
                <key time="3000" easing="Linear" alpha="1"/>
            </animationTrack>
        </animationMember>
    </timelineAnimation>
    <timelineAnimation name="rotateA start" loopCount="0">
        <animationMember/>
        <animationMember childNameID="bladesDisc">
            <animationTrack kind="Rotation">
                <key time="0" easing="Linear" rotation="0"/>
                <key time="1000" easing="Linear" rotation="360"/>
            </animationTrack>
        </animationMember>
        <animationMember childNameID="blade">
            <animationTrack kind="Translation">
                <key time="0" easing="Linear" dx="0" dy="0"/>
                <key time="1000" easing="Linear" dx="60" dy="0"/>
            </animationTrack>
        </animationMember>
    </timelineAnimation>
    <timelineAnimation name="rotateA end" loopCount="0">
        <animationMember/>
        <animationMember childNameID="bladesDisc">
            <animationTrack kind="Rotation">
                <key time="0" easing="Linear" rotation="0"/>
                <key time="1000" easing="Linear" rotation="360"/>
            </animationTrack>
        </animationMember>
        <animationMember childNameID="blade">
            <animationTrack kind="Translation">
                <key time="0" easing="Linear" dx="60" dy="0"/>
                <key time="1000" easing="Linear" dx="0" dy="0"/>
            </animationTrack>
        </animationMember>
    </timelineAnimation>
    <timelineAnimation name="rotateA" loopCount="forever">
        <animationMember/>
        <animationMember childNameID="bladesDisc">
            <animationTrack kind="Rotation">
                <key time="0" easing="Linear" rotation="0"/>
                <key time="1000" easing="Linear" rotation="360"/>
            </animationTrack>
        </animationMember>
        <animationMember childNameID="blade">
            <animationTrack kind="Translation">
                <key time="0" easing="Linear" dx="60" dy="0"/>
                <key time="1000" easing="Linear" dx="60" dy="0"/>
            </animationTrack>
        </animationMember>
    </timelineAnimation>
    <timelineAnimation name="blades in-out" loopCount="0" repeatStartTime="1000" repeatEndTime="1000" startAtRepeatTime="0" scaleDuration="0.5">
        <animationMember/>
        <animationMember childNameID="blade">
            <animationTrack kind="Translation">
                <key time="0" easing="Ease start" dx="0" dy="0"/>
                <key time="350" easing="Linear" dx="60" dy="0"/>
                <key time="610" easing="Ease end" dx="60" dy="0"/>
                <key time="1000" easing="Linear" dx="0" dy="0"/>
            </animationTrack>
        </animationMember>
        <animationMember childNameID="eyes">
            <animationTrack kind="Timeline animation">
                <key time="0" timelineAnimationName=""/>
                <key time="1000" timelineAnimationName=""/>
            </animationTrack>
        </animationMember>
    </timelineAnimation>
    <timelineAnimation name="aniRotatorB" loopCount="forever">
        <animationMember>
            <animationTrack kind="Translation">
                <key time="0" easing="Linear" dx="0" dy="0"/>
                <key time="1000" easing="Linear" dx="0" dy="0"/>
                <key time="1999" easing="Linear" dx="0" dy="250"/>
                <key time="3000" easing="Linear" dx="0" dy="250"/>
                <key time="4000" easing="Linear" dx="0" dy="0"/>
            </animationTrack>
            <animationTrack kind="Timeline animation">
                <key time="0" timelineAnimationName="blades in-out"/>
                <key time="1000" timelineAnimationName=""/>
                <key time="2000" timelineAnimationName="blades in-out"/>
                <key time="3000" timelineAnimationName=""/>
            </animationTrack>
        </animationMember>
        <animationMember childNameID="eyes">
            <animationTrack kind="Alpha">
                <key time="0" easing="Linear" alpha="0"/>
                <key time="250" easing="Linear" alpha="1"/>
                <key time="750" easing="Linear" alpha="1"/>
                <key time="1000" easing="Linear" alpha="0"/>
                <key time="2000" easing="Linear" alpha="0"/>
                <key time="2250" easing="Linear" alpha="1"/>
                <key time="2750" easing="Linear" alpha="1"/>
                <key time="3000" easing="Linear" alpha="0"/>
                <key time="4000" easing="Linear" alpha="0"/>
            </animationTrack>
        </animationMember>
        <metaAnimationTrack kind="Meta">
            <key time="0" label="p1"/>
            <key time="2000" label="p2"/>
            <key time="4000"/>
        </metaAnimationTrack>
    </timelineAnimation>
    <timelineAnimation name="aniRotatorA" loopCount="forever">
        <animationMember>
            <animationTrack kind="Path movement" pathNameId="pathRotatorA">
                <key time="0" easing="Linear" pos="0"/>
                <key time="1000" easing="Linear" pos="0"/>
                <key time="2000" easing="Linear" pos="0.182163"/>
                <key time="2500" easing="Linear" pos="0.182163"/>
                <key time="5500" easing="Linear" pos="0.817837"/>
                <key time="6000" easing="Linear" pos="0.817837"/>
                <key time="7000" easing="Linear" pos="1"/>
                <key time="8000" easing="Linear" pos="1"/>
                <key time="9000" easing="Linear" pos="0.817837"/>
                <key time="9498" easing="Linear" pos="0.817837"/>
                <key time="12485" easing="Linear" pos="0.182163"/>
                <key time="13000" easing="Linear" pos="0.182163"/>
                <key time="14000" easing="Linear" pos="0"/>
            </animationTrack>
            <animationTrack kind="Timeline animation">
                <key time="0" timelineAnimationName="blades in-out"/>
                <key time="1000" timelineAnimationName=""/>
                <key time="2500" timelineAnimationName="rotateA start"/>
                <key time="3500" timelineAnimationName="rotateA"/>
                <key time="4500" timelineAnimationName="rotateA end"/>
                <key time="5500" timelineAnimationName=""/>
                <key time="7000" timelineAnimationName="blades in-out"/>
                <key time="8000" timelineAnimationName=""/>
                <key time="9498" timelineAnimationName="rotateA start"/>
                <key time="10500" timelineAnimationName="rotateA"/>
                <key time="11500" timelineAnimationName="rotateA end"/>
                <key time="12485" timelineAnimationName=""/>
            </animationTrack>
        </animationMember>
        <animationMember childNameID="eyes">
            <animationTrack kind="Alpha">
                <key time="0" easing="Linear" alpha="0"/>
                <key time="248" easing="Linear" alpha="1"/>
                <key time="750" easing="Linear" alpha="1"/>
                <key time="1000" easing="Linear" alpha="0"/>
                <key time="2500" easing="Linear" alpha="0"/>
                <key time="3000" easing="Linear" alpha="1"/>
                <key time="5000" easing="Linear" alpha="1"/>
                <key time="5500" easing="Linear" alpha="0"/>
                <key time="7000" easing="Linear" alpha="0"/>
                <key time="7248" easing="Linear" alpha="1"/>
                <key time="7750" easing="Linear" alpha="1"/>
                <key time="8000" easing="Linear" alpha="0"/>
                <key time="9496" easing="Linear" alpha="0"/>
                <key time="10011" easing="Linear" alpha="1"/>
                <key time="12013" easing="Linear" alpha="1"/>
                <key time="12485" easing="Linear" alpha="0"/>
            </animationTrack>
        </animationMember>
        <metaAnimationTrack kind="Meta">
            <key time="0" label="p1"/>
            <key time="2000" label="p2"/>
            <key time="5500" label="p3"/>
            <key time="7000" label="p4"/>
            <key time="9497" label="p3"/>
            <key time="12485" label="p2"/>
            <key time="14000" label="p1"/>
        </metaAnimationTrack>
    </timelineAnimation>
</composedSprite>
