<?xml version="1.0" encoding="UTF-8"?>
<sourceGraphicSet name="world_spritesA">
    <images>
        <spriteSheetImage file="media/graphics/world_spritesA.png"/>
    </images>
    <sprites>
        <sprite name="pendulumA" imageName="pendulumA" imageFile="media/graphics/world_spritesA.png">
            <parameter name="animation" value="" type="string"/>
            <timelineAnimation name="aniPendulumA" loopCount="forever" scaleDuration="0.5">
                <animationMember>
                    <animationTrack kind="Rotation">
                        <key time="0" easing="Ease start and end" rotation="-45"/>
                        <key time="1500" easing="Ease start and end" rotation="45"/>
                        <key time="3000" easing="Linear" rotation="-45"/>
                    </animationTrack>
                </animationMember>
                <metaAnimationTrack kind="Meta">
                    <key time="750"/>
                    <key time="1000" label="meta label 1" dataFlags="2"/>
                    <key time="3000"/>
                </metaAnimationTrack>
            </timelineAnimation>
        </sprite>
        <sprite name="torch_lighting" imageName="torch_lighting" imageFile="media/graphics/world_spritesA.png"/>
        <sprite name="ramA" imageName="ramA" imageFile="media/graphics/world_spritesA.png">
            <timelineAnimation name="move" loopCount="1" repeatStartTime="2000" repeatEndTime="2000" startAtRepeatTime="1" scaleDuration="0.2">
                <animationMember>
                    <animationTrack kind="Translation">
                        <key time="0" easing="Ease start" dx="0" dy="0"/>
                        <key time="300" easing="Linear" dx="0" dy="200"/>
                        <key time="600" easing="Ease end" dx="0" dy="0"/>
                    </animationTrack>
                </animationMember>
            </timelineAnimation>
        </sprite>
        <sprite name="rotatatorA_disabled" imageName="rotatatorA_disabled" imageFile="media/graphics/world_spritesA.png"/>
        <sprite name="rotatatorA_shadow" imageName="rotatatorA_shadow" imageFile="media/graphics/world_spritesA.png"/>
        <sprite name="gargoyleA" imageName="gargoyleA" imageFile="media/graphics/world_spritesA.png"/>
        <sprite name="rotatatorA_disc" imageName="rotatatorA_disc" imageFile="media/graphics/world_spritesA.png"/>
        <sprite name="rotatatorA_blade" imageName="rotatatorA_blade" imageFile="media/graphics/world_spritesA.png"/>
        <sprite name="flying_platformA" imageName="flying_platformA" imageFile="media/graphics/world_spritesA.png">
            <parameter name="animation" value="" type="string"/>
            <timelineAnimation name="aniLiftA" loopCount="forever">
                <animationMember>
                    <animationTrack kind="Path movement" pathNameId="pathLiftA">
                        <key time="0" easing="Linear" pos="0"/>
                        <key time="1000" easing="Linear" pos="0"/>
                        <key time="3000" easing="Linear" pos="1"/>
                        <key time="4000" easing="Linear" pos="1"/>
                        <key time="6000" easing="Linear" pos="0"/>
                    </animationTrack>
                </animationMember>
            </timelineAnimation>
        </sprite>
        <sprite name="ramA_top" imageName="ramA_top" imageFile="media/graphics/world_spritesA.png"/>
        <sprite name="symbolA" imageName="symbolA" imageFile="media/graphics/world_spritesA.png">
            <parameter name="animation" value="" type="string"/>
            <timelineAnimation name="aniSymbolA" loopCount="forever" scaleDuration="0.7">
                <animationMember>
                    <animationTrack kind="Alpha">
                        <key time="0" easing="Linear" alpha="0"/>
                        <key time="833" easing="Linear" alpha="1"/>
                        <key time="1259" easing="Linear" alpha="1"/>
                        <key time="2100" easing="Linear" alpha="0"/>
                    </animationTrack>
                </animationMember>
            </timelineAnimation>
        </sprite>
        <sprite name="rotatatorA_eyes" imageName="rotatatorA_eyes" imageFile="media/graphics/world_spritesA.png">
            <timelineAnimation name="blinking" loopCount="forever">
                <animationMember>
                    <animationTrack kind="Alpha">
                        <key time="0" easing="Linear" alpha="0"/>
                        <key time="250" easing="Linear" alpha="1"/>
                        <key time="750" easing="Linear" alpha="1"/>
                        <key time="1000" easing="Linear" alpha="0"/>
                    </animationTrack>
                </animationMember>
            </timelineAnimation>
        </sprite>
        <sprite name="missileA" imageName="missileA" imageFile="media/graphics/world_spritesA.png"/>
        <sprite name="spiderA">
            <image name="spiderA-fr1" file="media/graphics/world_spritesA.png" marker="1"/>
            <image name="spiderA-fr2" file="media/graphics/world_spritesA.png"/>
            <image name="spiderA-fr3" file="media/graphics/world_spritesA.png"/>
            <parameter name="animation" value="" type="string"/>
            <frameAnimation name="moveRight" loopCount="forever" scaleDuration="0.8" horMirror="moveLeft">
                <frame image="spiderA-fr1" duration="150"/>
                <frame image="spiderA-fr2" duration="50"/>
                <frame image="spiderA-fr3" duration="150"/>
                <frame image="spiderA-fr2" duration="50"/>
            </frameAnimation>
            <frameAnimation name="moveLeft" loopCount="forever" scaleDuration="0.8" horMirror="moveRight">
                <frame image="spiderA-fr1" duration="150" xFlip="1"/>
                <frame image="spiderA-fr2" duration="50" xFlip="1"/>
                <frame image="spiderA-fr3" duration="150" xFlip="1"/>
                <frame image="spiderA-fr2" duration="50" xFlip="1"/>
            </frameAnimation>
            <frameAnimation name="Animation 3b" loopCount="forever">
                <frame image="spiderA-fr3" duration="100"/>
                <frame image="spiderA-fr2" duration="100" xFlip="1"/>
                <parameter name="Name" value="0" type="int"/>
            </frameAnimation>
            <frameAnimation name="Ver. mirror of Animation 3b" loopCount="forever">
                <frame image="spiderA-fr3" duration="100" yFlip="1"/>
                <frame image="spiderA-fr2" duration="100" xFlip="1" yFlip="1"/>
                <parameter name="Name" value="0" type="int"/>
            </frameAnimation>
            <frameAnimation name="standRight" loopCount="forever" horMirror="standLeft">
                <frame image="spiderA-fr2" duration="100"/>
            </frameAnimation>
            <frameAnimation name="standLeft" loopCount="forever" horMirror="standRight">
                <frame image="spiderA-fr2" duration="100" xFlip="1"/>
            </frameAnimation>
            <timelineAnimation name="aniSpiderA1" loopCount="forever" scaleDuration="1.5">
                <animationMember>
                    <animationTrack kind="Path movement" pathNameId="pathSpiderA1" directionOrientation="1">
                        <key time="0" easing="Linear" pos="0"/>
                        <key time="4000" easing="Linear" pos="1"/>
                        <key time="5000" easing="Linear" pos="1"/>
                        <key time="9014" easing="Linear" pos="0"/>
                        <key time="10000" easing="Linear" pos="0"/>
                    </animationTrack>
                    <animationTrack kind="Frame animation">
                        <key time="0" frameAnimationName="moveRight"/>
                        <key time="4000" frameAnimationName="standRight"/>
                        <key time="5000" frameAnimationName="moveLeft"/>
                        <key time="9010" frameAnimationName="standLeft"/>
                        <key time="10000" frameAnimationName="moveRight"/>
                    </animationTrack>
                </animationMember>
            </timelineAnimation>
            <timelineAnimation name="aniSpiderA2" loopCount="forever" scaleDuration="1.5">
                <animationMember>
                    <animationTrack kind="Path movement" pathNameId="pathSpiderA2">
                        <key time="0" easing="Linear" pos="0"/>
                        <key time="3750" easing="Linear" pos="1"/>
                        <key time="4500" easing="Linear" pos="1"/>
                        <key time="8250" easing="Linear" pos="0"/>
                        <key time="9000" easing="Linear" pos="0"/>
                    </animationTrack>
                    <animationTrack kind="Frame animation">
                        <key time="0" frameAnimationName="moveRight"/>
                        <key time="3750" frameAnimationName="standRight"/>
                        <key time="4500" frameAnimationName="moveLeft"/>
                        <key time="8250" frameAnimationName="standLeft"/>
                        <key time="9000" frameAnimationName=""/>
                    </animationTrack>
                </animationMember>
            </timelineAnimation>
            <timelineAnimation name="blink" loopCount="forever">
                <animationMember>
                    <animationTrack kind="Alpha">
                        <key time="0" easing="Linear" alpha="1"/>
                        <key time="192" easing="Linear" alpha="0"/>
                        <key time="406" easing="Linear" alpha="0"/>
                        <key time="600" easing="Linear" alpha="1"/>
                    </animationTrack>
                </animationMember>
            </timelineAnimation>
        </sprite>
        <sprite name="batA">
            <image name="batA_fr1" file="media/graphics/world_spritesA.png" marker="1"/>
            <image name="batA_fr6" file="media/graphics/world_spritesA.png"/>
            <image name="batA_fr2" file="media/graphics/world_spritesA.png"/>
            <image name="batA_fr7" file="media/graphics/world_spritesA.png"/>
            <image name="batA_fr5" file="media/graphics/world_spritesA.png"/>
            <image name="batA_fr3" file="media/graphics/world_spritesA.png"/>
            <image name="batA_fr4" file="media/graphics/world_spritesA.png"/>
            <parameter name="animation" value="" type="string"/>
            <parameter name="animDelay" value="0.0" type="float"/>
            <frameAnimation name="moveRight" loopCount="forever" horMirror="moveLeft">
                <frame image="batA_fr1" duration="90"/>
                <frame image="batA_fr2" duration="80" yOffset="-1"/>
                <frame image="batA_fr3" duration="60" yOffset="-4"/>
                <frame image="batA_fr4" duration="50" yOffset="-4"/>
                <frame image="batA_fr5" duration="60" yOffset="-4"/>
                <frame image="batA_fr6" duration="80" yOffset="-4"/>
                <frame image="batA_fr5" duration="60" yOffset="-4"/>
                <frame image="batA_fr4" duration="50" yOffset="-4"/>
                <frame image="batA_fr3" duration="60" yOffset="-4"/>
                <frame image="batA_fr2" duration="80" yOffset="-1"/>
            </frameAnimation>
            <frameAnimation name="moveLeft" loopCount="forever" horMirror="moveRight">
                <frame image="batA_fr1" duration="90" xFlip="1"/>
                <frame image="batA_fr2" duration="80" yOffset="-1" xFlip="1"/>
                <frame image="batA_fr3" duration="60" yOffset="-4" xFlip="1"/>
                <frame image="batA_fr4" duration="50" yOffset="-4" xFlip="1"/>
                <frame image="batA_fr5" duration="60" yOffset="-4" xFlip="1"/>
                <frame image="batA_fr6" duration="80" yOffset="-4" xFlip="1"/>
                <frame image="batA_fr5" duration="60" yOffset="-4" xFlip="1"/>
                <frame image="batA_fr4" duration="50" yOffset="-4" xFlip="1"/>
                <frame image="batA_fr3" duration="60" yOffset="-4" xFlip="1"/>
                <frame image="batA_fr2" duration="80" yOffset="-1" xFlip="1"/>
            </frameAnimation>
            <frameAnimation name="moveRight copy" loopCount="forever">
                <frame image="batA_fr1" duration="200"/>
                <frame image="batA_fr2" duration="100" yOffset="-1"/>
                <frame image="batA_fr3" duration="60" yOffset="-4"/>
                <frame image="batA_fr4" duration="90" yOffset="-4"/>
                <frame image="batA_fr5" duration="150" yOffset="-4"/>
                <frame image="batA_fr4" duration="60" yOffset="-4"/>
                <frame image="batA_fr3" duration="60" yOffset="-4"/>
                <frame image="batA_fr2" duration="100" yOffset="-1"/>
            </frameAnimation>
            <frameAnimation name="moveLeftStart" loopCount="1">
                <frame image="batA_fr1" duration="200" xFlip="1"/>
                <frame image="batA_fr2" duration="200" yOffset="-1" xFlip="1"/>
                <frame image="batA_fr3" duration="200" yOffset="-4" xFlip="1"/>
                <frame image="batA_fr4" duration="200" yOffset="-4" xFlip="1"/>
            </frameAnimation>
            <frameAnimation name="moveLeftEnd" loopCount="1">
                <frame image="batA_fr4" duration="200" yOffset="-4" xFlip="1"/>
                <frame image="batA_fr3" duration="200" yOffset="-4" xFlip="1"/>
                <frame image="batA_fr2" duration="200" yOffset="-1" xFlip="1"/>
                <frame image="batA_fr1" duration="200" xFlip="1"/>
            </frameAnimation>
            <timelineAnimation name="aniBatA1" loopCount="forever" scaleDuration="1.5">
                <animationMember>
                    <animationTrack kind="Path movement" pathNameId="pathBatA1">
                        <key time="0" easing="Linear" pos="0"/>
                        <key time="4500" easing="Linear" pos="0.52412"/>
                        <key time="9015" easing="Linear" pos="1"/>
                    </animationTrack>
                    <animationTrack kind="Frame animation">
                        <key time="0" frameAnimationName="moveRight"/>
                        <key time="4500" frameAnimationName="moveLeft"/>
                        <key time="9000" frameAnimationName=""/>
                    </animationTrack>
                    <animationTrack kind="Timeline animation">
                        <key time="0" timelineAnimationName="blinkTest"/>
                        <key time="9015" timelineAnimationName="blinkTest"/>
                    </animationTrack>
                </animationMember>
            </timelineAnimation>
            <timelineAnimation name="blinkTest" loopCount="forever" scaleDuration="0.7">
                <animationMember>
                    <animationTrack kind="Overlay color" colorBlend="Color">
                        <key time="0" easing="Ease start" red="0.541176" green="0.666667" blue="0.0862745" opacity="0.8"/>
                        <key time="1000" easing="Ease end" red="0.294118" green="0.729412" blue="0.00392157" opacity="0.8"/>
                        <key time="2000" easing="Linear" red="0.541176" green="0.666667" blue="0.0862745" opacity="0.8"/>
                    </animationTrack>
                </animationMember>
            </timelineAnimation>
            <timelineAnimation name="aniBatA2" loopCount="forever" scaleDuration="1.5">
                <animationMember>
                    <animationTrack kind="Path movement" pathNameId="pathBatA2">
                        <key time="0" easing="Linear" pos="0"/>
                        <key time="4500" easing="Linear" pos="0.495374"/>
                        <key time="9000" easing="Linear" pos="1"/>
                    </animationTrack>
                    <animationTrack kind="Frame animation">
                        <key time="0" frameAnimationName="moveLeft"/>
                        <key time="4500" frameAnimationName="moveRight"/>
                        <key time="9000" frameAnimationName=""/>
                    </animationTrack>
                </animationMember>
            </timelineAnimation>
            <timelineAnimation name="aniTestBat" loopCount="forever">
                <animationMember>
                    <animationTrack kind="Translation">
                        <key time="0" easing="Linear" dx="0" dy="0"/>
                        <key time="1470" easing="Linear" dx="0" dy="80"/>
                        <key time="3000" easing="Linear" dx="0" dy="0"/>
                    </animationTrack>
                    <animationTrack kind="Overlay color" colorBlend="Color">
                        <key time="0" easing="Ease start" red="0.360784" green="0.580392" blue="0.188235" opacity="0.75"/>
                        <key time="1480" easing="Ease end" red="0.486275" green="0.933333" blue="1" opacity="1"/>
                        <key time="3000" easing="Linear" red="0.360784" green="0.580392" blue="0.188235" opacity="0.75"/>
                    </animationTrack>
                    <animationTrack kind="Frame animation">
                        <key time="0" frameAnimationName="moveRight"/>
                        <key time="3000" frameAnimationName="moveRight"/>
                    </animationTrack>
                </animationMember>
            </timelineAnimation>
        </sprite>
        <sprite name="spriteA">
            <image name="spriteA_fr1" file="media/graphics/world_spritesA.png" marker="1"/>
            <image name="spriteA_fr2" file="media/graphics/world_spritesA.png"/>
            <image name="spriteA_fr3" file="media/graphics/world_spritesA.png"/>
            <parameter name="animation" value="" type="string"/>
            <frameAnimation name="Ani" loopCount="forever">
                <frame image="spriteA_fr1" duration="100"/>
                <frame image="spriteA_fr2" duration="100"/>
                <frame image="spriteA_fr1" duration="100"/>
                <frame image="spriteA_fr3" duration="100"/>
            </frameAnimation>
            <timelineAnimation name="aniSprityA" loopCount="forever" scaleDuration="0.5">
                <animationMember>
                    <animationTrack kind="Path movement" pathNameId="pathSprity" directionOrientation="1">
                        <key time="0" easing="Linear" pos="0"/>
                        <key time="5000" easing="Linear" pos="1"/>
                    </animationTrack>
                    <animationTrack kind="Frame animation">
                        <key time="0" frameAnimationName="Ani"/>
                        <key time="5000" frameAnimationName="Ani"/>
                    </animationTrack>
                </animationMember>
            </timelineAnimation>
        </sprite>
        <sprite name="torchA">
            <image name="torchA_fr1" file="media/graphics/world_spritesA.png" marker="1"/>
            <image name="torchA_fr2" file="media/graphics/world_spritesA.png"/>
            <image name="torchA_fr3" file="media/graphics/world_spritesA.png"/>
            <image name="torchA_fr4" file="media/graphics/world_spritesA.png"/>
            <frameAnimation name="burning" loopCount="forever">
                <frame image="torchA_fr1" duration="100"/>
                <frame image="torchA_fr2" duration="100"/>
                <frame image="torchA_fr3" duration="100"/>
                <frame image="torchA_fr2" duration="100"/>
                <frame image="torchA_fr4" duration="100"/>
            </frameAnimation>
        </sprite>
        <sprite name="rotatatorA_faceA" imageName="rotatatorA_faceA" imageFile="media/graphics/world_spritesA.png"/>
        <sprite name="rotatatorA_faceB" imageName="rotatatorA_faceB" imageFile="media/graphics/world_spritesA.png"/>
    </sprites>
</sourceGraphicSet>
